{"cameraMode":{"drawMode":0,"name":"Shaded","section":"Shading Mode"},"sceneLighting":false,"audioPlay":false,"sceneViewState":{"m_AlwaysRefresh":false,"showFog":true,"showSkybox":true,"showFlares":true,"showImageEffects":true,"showParticleSystems":true,"showVisualEffectGraphs":true,"m_FxEnabled":true},"in2DMode":false,"pivot":{"x":0.8566665649414063,"y":-0.6206846237182617,"z":-4.184482097625732},"rotation":{"x":0.0006537761655636132,"y":0.9767669439315796,"z":-0.2143251895904541,"w":0.0029279247391968967},"size":7.8684306144714359,"orthographic":true}